{"loss": [2.1672589778900146, 0.8680490255355835, 0.668986439704895, 0.5246962904930115, 0.4911848306655884, 0.4382881224155426, 0.40580931305885315, 0.35799846053123474, 0.3388080596923828, 0.3061104416847229, 0.2930434048175812, 0.2708292305469513, 0.2616131901741028, 0.2453162968158722, 0.24030143022537231, 0.21384242177009583, 0.2261136770248413, 0.21142913401126862, 0.20797240734100342, 0.24497370421886444], "categorical_accuracy": [0.5350074768066406, 0.763013482093811, 0.8183934688568115, 0.8438383340835571, 0.8531515002250671, 0.8651255369186401, 0.8722767233848572, 0.8875769376754761, 0.8928987383842468, 0.8993846774101257, 0.9018792510032654, 0.9067021608352661, 0.9098619818687439, 0.9143522381782532, 0.9165142178535461, 0.9223349690437317, 0.9198403358459473, 0.9241642951965332, 0.924663245677948, 0.913188099861145], "val_loss": [1.2448291778564453, 0.9513788223266602, 0.9086707234382629, 0.7862448692321777, 0.7501494288444519, 0.7452593445777893, 0.9564036130905151, 0.7356975078582764, 0.6868706941604614, 0.6870102286338806, 0.7343390583992004, 0.6411342024803162, 0.6894673705101013, 0.6956013441085815, 0.5467177629470825, 0.6207283139228821, 0.6818594932556152, 0.6229622960090637, 0.6271191835403442, 0.7482266426086426], "val_categorical_accuracy": [0.689588189125061, 0.7567987442016602, 0.7707847952842712, 0.7933177947998047, 0.7991452813148499, 0.7995337843894958, 0.7688422799110413, 0.8131313323974609, 0.8220668435096741, 0.806526780128479, 0.8150737881660461, 0.8243978023529053, 0.8220668435096741, 0.8278943300247192, 0.8434343338012695, 0.8306138515472412, 0.8185703158378601, 0.8372183442115784, 0.8278943300247192, 0.8325563073158264]}